{
  "total_startup_time": 2.0650389194488525,
  "cache_hits": 0,
  "cache_misses": 0,
  "last_optimization": "2025-07-17T13:07:00.299327"
}