{
  "total_startup_time": 1.0041422843933105,
  "cache_hits": 0,
  "cache_misses": 0,
  "last_optimization": "2025-07-15T13:39:10.020599"
}