{
  "total_startup_time": 1.471778154373169,
  "cache_hits": 0,
  "cache_misses": 0,
  "last_optimization": "2025-07-15T13:58:34.097263"
}