{
  "total_startup_time": 2.4140777587890625,
  "cache_hits": 0,
  "cache_misses": 0,
  "last_optimization": "2025-07-18T14:15:59.010049"
}