{
  "total_startup_time": 1.7282779216766357,
  "cache_hits": 0,
  "cache_misses": 0,
  "last_optimization": "2025-07-15T14:23:31.147325"
}