{
  "total_startup_time": 1.7278571128845215,
  "cache_hits": 0,
  "cache_misses": 0,
  "last_optimization": "2025-07-15T14:58:41.220602"
}