{
  "total_startup_time": 1.1504998207092285,
  "cache_hits": 0,
  "cache_misses": 0,
  "last_optimization": "2025-07-15T14:33:58.667891"
}