{
  "total_startup_time": 0.9921121597290039,
  "cache_hits": 0,
  "cache_misses": 0,
  "last_optimization": "2025-07-16T23:08:51.250483"
}