{
  "total_startup_time": 2.3096060752868652,
  "cache_hits": 0,
  "cache_misses": 0,
  "last_optimization": "2025-07-15T14:40:58.994021"
}